-- MySQL dump 10.13  Distrib 5.5.25a, for Linux (x86_64)
--
-- Host: localhost    Database: wordseer_shakespeare
-- ------------------------------------------------------
-- Server version	5.5.25a-log

/*!40101 SET @OLD_CHARACTER_SET_CLIENT=@@CHARACTER_SET_CLIENT */;
/*!40101 SET @OLD_CHARACTER_SET_RESULTS=@@CHARACTER_SET_RESULTS */;
/*!40101 SET @OLD_COLLATION_CONNECTION=@@COLLATION_CONNECTION */;
/*!40101 SET NAMES utf8 */;
/*!40103 SET @OLD_TIME_ZONE=@@TIME_ZONE */;
/*!40103 SET TIME_ZONE='+00:00' */;
/*!40014 SET @OLD_UNIQUE_CHECKS=@@UNIQUE_CHECKS, UNIQUE_CHECKS=0 */;
/*!40014 SET @OLD_FOREIGN_KEY_CHECKS=@@FOREIGN_KEY_CHECKS, FOREIGN_KEY_CHECKS=0 */;
/*!40101 SET @OLD_SQL_MODE=@@SQL_MODE, SQL_MODE='NO_AUTO_VALUE_ON_ZERO' */;
/*!40111 SET @OLD_SQL_NOTES=@@SQL_NOTES, SQL_NOTES=0 */;

--
-- Table structure for table `st_participant_background`
--

DROP TABLE IF EXISTS `st_participant_background`;
/*!40101 SET @saved_cs_client     = @@character_set_client */;
/*!40101 SET character_set_client = utf8 */;
CREATE TABLE `st_participant_background` (
  `participant_id` varchar(45) NOT NULL,
  `background` varchar(45) NOT NULL,
  PRIMARY KEY (`participant_id`,`background`)
) ENGINE=InnoDB DEFAULT CHARSET=latin1;
/*!40101 SET character_set_client = @saved_cs_client */;

--
-- Dumping data for table `st_participant_background`
--

LOCK TABLES `st_participant_background` WRITE;
/*!40000 ALTER TABLE `st_participant_background` DISABLE KEYS */;
INSERT INTO `st_participant_background` VALUES ('1343047511898-5','no background'),('1343056613211-2','no background'),('1343056803693-0','phd'),('1343058967293-0','no background'),('1343059111516-2','phd'),('1343061887356-0','phd'),('1343073289571-0','in progress'),('1343094686840-3','no background'),('1343094972627-2','no background'),('1343095768023-6','no background'),('1343099660137-1','bs'),('1343102846304-5','bs'),('1343105154800-2','bs'),('1343105468241-1','phd'),('1343105869961-0','bs'),('1343107395365-0','bs'),('1343111267197-7','no background'),('1343131302433-6','no background'),('1343144518762-6','no background'),('1343144518762-6','phd'),('1343144567436-5','no background'),('1343144584479-1','no background'),('1343145019570-1','no background'),('1343149075030-5','phd'),('1343151156866-3','phd'),('1343156814132-2','phd'),('1343156821696-6','no background'),('1343156857507-4','ms'),('1343156931516-8','phd'),('1343159485029-5','in progress'),('1343160515466-1','ms'),('1343165188336-2','no background'),('1343167959814-2','bs'),('1343168565145-6','in progress'),('1343176911726-7','no background'),('1343179960365-0','bs'),('1343182031009-4','phd'),('1343182051847-0','no background'),('1343182229036-6','phd'),('1343182423115-3','no background'),('1343182556658-1','no background'),('1343185713310-7','no background'),('1343189424884-5','phd'),('1343190572389-1','no background'),('1343191342593-2','no background'),('1343191695529-0','no background'),('1343194777891-3','in progress'),('1343196663531-8','bs'),('1343208227903-6','no background'),('1343223109163-3','no background'),('1343223709702-6','no background'),('1343223710477-7','no background'),('1343223833564-2','no background'),('1343228457091-5','no background'),('1343237708957-6','no background'),('1343237724890-4','phd'),('1343241400581-3','phd'),('1343266577754-2','no background'),('1343268333607-3','phd'),('1343276730586-5','in progress'),('1343279260062-7','in progress'),('1343308865436-7','no background'),('1343323741331-2','no background'),('1343323741331-2','phd'),('1343325964157-5','phd'),('1343325995962-6','bs'),('1343326991975-3','phd'),('1343328561525-2','bs'),('1343328720809-4','bs'),('1343329410086-1','phd'),('1343329701223-3','ms'),('1343330011811-5','no background'),('1343330011811-5','phd'),('1343330048116-6','phd'),('1343330470324-8','no background'),('1343330704326-3','ms'),('1343331473333-5','in progress'),('1343333816720-3','ms'),('1343349078190-0','phd'),('1343349179390-0','phd');
/*!40000 ALTER TABLE `st_participant_background` ENABLE KEYS */;
UNLOCK TABLES;

--
-- Table structure for table `st_activity_log`
--

DROP TABLE IF EXISTS `st_activity_log`;
/*!40101 SET @saved_cs_client     = @@character_set_client */;
/*!40101 SET character_set_client = utf8 */;
CREATE TABLE `st_activity_log` (
  `id` int(11) NOT NULL AUTO_INCREMENT,
  `participant_id` varchar(45) NOT NULL,
  `task_number` varchar(45) NOT NULL,
  `activity` varchar(45) NOT NULL,
  `search_query` varchar(100) DEFAULT NULL,
  `num_relevant` int(11) DEFAULT NULL,
  `num_irrelevant` int(11) DEFAULT NULL,
  PRIMARY KEY (`id`,`participant_id`,`task_number`,`activity`)
) ENGINE=InnoDB AUTO_INCREMENT=327 DEFAULT CHARSET=latin1;
/*!40101 SET character_set_client = @saved_cs_client */;

--
-- Dumping data for table `st_activity_log`
--

LOCK TABLES `st_activity_log` WRITE;
/*!40000 ALTER TABLE `st_activity_log` DISABLE KEYS */;
INSERT INTO `st_activity_log` VALUES (1,'1343094972627-2','0','search','astage',-1,1),(2,'1343094972627-2','0','search','astage',-1,1),(3,'1343094972627-2','0','search','stage',-1,1),(4,'1343094972627-2','0','relevance-feedback','',4,0),(5,'1343095768023-6','0','search','world as a stage',-1,1),(6,'1343099660137-1','0','search','life stage acting',-1,1),(7,'1343099660137-1','0','search','player players',-1,1),(8,'1343099660137-1','0','search','life is a stage',-1,1),(9,'1343099660137-1','0','search','stage',-1,1),(10,'1343105468241-1','0','search','\"stage\"',-1,1),(11,'1343105468241-1','0','search','stage play theatre',-1,1),(12,'1343107395365-0','0','search','stage',-1,1),(13,'1343107395365-0','0','search','world\'s a stage',-1,1),(14,'1343107395365-0','0','search','\"world\'s a stage\"',-1,1),(15,'1343107395365-0','0','search','world stage',-1,1),(16,'1343107395365-0','0','search','role',-1,1),(17,'1343107395365-0','0','search','cast',-1,1),(18,'1343107395365-0','0','search','act',-1,1),(19,'1343107395365-0','0','search','pretense',-1,1),(20,'1343107395365-0','0','search','pretend',-1,1),(21,'1343107395365-0','0','search','play',-1,1),(22,'1343107395365-0','0','search','illusion',-1,1),(23,'1343111267197-7','0','search','',-1,1),(24,'1343111267197-7','0','search','all the worlds a stage',-1,1),(25,'1343111267197-7','0','search','stage',-1,1),(26,'1343056613211-2','0','search','green',-1,1),(27,'1343061887356-0','0','search','mundi',-1,1),(28,'1343061887356-0','0','search','mundus',-1,1),(29,'1343061887356-0','0','search','theater',-1,1),(30,'1343061887356-0','0','search','theatre',-1,1),(31,'1343061887356-0','0','search','player',-1,1),(32,'1343061887356-0','0','search','stage',-1,1),(33,'1343061887356-0','1','search','melancholy',-1,1),(34,'1343061887356-0','1','search','melancholy',-1,1),(35,'1343061887356-0','1','search','mourn',-1,1),(36,'1343061887356-0','1','relevance-feedback','',7,0),(37,'1343061887356-0','1','search','melancholy',-1,1),(38,'1343061887356-0','1','relevance-feedback','',7,0),(39,'1343061887356-0','1','relevance-feedback','',10,0),(40,'1343061887356-0','1','search','mourn',-1,1),(41,'1343061887356-0','1','search','melancholy',-1,1),(42,'1343061887356-0','2','search','greenhorn',-1,1),(43,'1343061887356-0','2','search','greenhorn',-1,1),(44,'1343061887356-0','2','search','green',-1,1),(45,'1343061887356-0','2','search','salad',-1,1),(46,'1343061887356-0','2','search','salad days',-1,1),(47,'1343061887356-0','2','search','\"salad days\"',-1,1),(48,'1343061887356-0','2','relevance-feedback','',4,0),(49,'1343061887356-0','2','search','green',-1,1),(50,'1343061887356-0','2','relevance-feedback','',4,0),(51,'1343061887356-0','2','search','innocent',-1,1),(52,'1343061887356-0','2','relevance-feedback','',4,0),(53,'1343061887356-0','2','search','innocent green',-1,1),(54,'1343144584479-1','0','search','try this',-1,-1),(55,'1343145019570-1','0','search','stage',-1,-1),(56,'1343145019570-1','0','search','stage',-1,-1),(57,'1343145019570-1','0','search','actors',-1,-1),(58,'1343145019570-1','0','search','act',-1,-1),(59,'1343145019570-1','0','search','players',-1,-1),(60,'1343145019570-1','0','submit','',7,-1),(61,'1343145019570-1','0','eval','u:1 tu:3 p:4 d:4',-1,-1),(62,'1343151156866-3','0','search','players',-1,-1),(63,'1343151156866-3','0','submit','',7,-1),(64,'1343151156866-3','0','eval','u:3 tu:4 p:3 d:4',-1,-1),(65,'1343156814132-2','0','search','',-1,-1),(66,'1343156814132-2','0','search','',-1,-1),(67,'1343156814132-2','0','search','',-1,-1),(68,'1343156814132-2','0','search','',-1,-1),(69,'1343156814132-2','0','search','',-1,-1),(70,'1343156814132-2','0','search','stage',-1,-1),(71,'1343156857507-4','0','search','world',-1,-1),(72,'1343156821696-6','0','search','Worlds stage',-1,-1),(73,'1343156931516-8','0','search','player ',-1,-1),(74,'1343156931516-8','0','search','player ',-1,-1),(75,'1343156814132-2','0','submit','',12,-1),(76,'1343156814132-2','0','eval','u:5 tu:1 p:4 d:3',-1,-1),(77,'1343156931516-8','0','submit','',4,-1),(78,'1343156931516-8','0','eval','u:2 tu:1 p:2 d:2',-1,-1),(79,'1343059111516-2','0','search','green',-1,-1),(80,'1343059111516-2','0','search','green Neptune',-1,-1),(81,'1343059111516-2','0','search','\"green Neptune\"',-1,-1),(82,'1343059111516-2','0','relevance-feedback','',2,3),(83,'1343059111516-2','0','search','green',-1,-1),(84,'1343059111516-2','0','relevance-feedback','',3,7),(85,'1343059111516-2','0','search','green youth',-1,-1),(86,'1343059111516-2','0','search','green fresh',-1,-1),(87,'1343059111516-2','0','relevance-feedback','',8,11),(88,'1343059111516-2','0','relevance-feedback','',11,14),(89,'1343059111516-2','0','search','green',-1,-1),(90,'1343059111516-2','0','relevance-feedback','',11,14),(91,'1343059111516-2','0','submit','',11,-1),(92,'1343059111516-2','0','eval','u:1 tu:1 p:4 d:4',-1,-1),(93,'1343059111516-2','0','eval','u:1 tu:1 p:4 d:4',-1,-1),(94,'1343159485029-5','0','search','',-1,-1),(95,'1343160515466-1','0','search','\"all the world\'s a stage\" \"a poor player\"',-1,-1),(96,'1343160515466-1','0','search','\"all the world\'s a stage\" \"a poor player\"',-1,-1),(97,'1343160515466-1','0','search','\"Life\'s but a walking shadow, a poor player That struts and frets his hour upon the stage\"',-1,-1),(98,'1343160515466-1','0','search','stage struts player',-1,-1),(99,'1343160515466-1','0','relevance-feedback','',10,14),(100,'1343160515466-1','0','submit','',12,-1),(101,'1343160515466-1','0','eval','u:4 tu:1 p:4 d:3',-1,-1),(102,'1343056803693-0','0','search','mourning',-1,-1),(103,'1343056803693-0','0','search','mourning',-1,-1),(104,'1343056803693-0','0','search','grief',-1,-1),(105,'1343056803693-0','0','search','grieflost',-1,-1),(106,'1343056803693-0','0','search','lost',-1,-1),(107,'1343056803693-0','0','submit','',15,-1),(108,'1343056803693-0','0','eval','u:2 tu:1 p:2 d:2',-1,-1),(109,'1343056803693-0','0','eval','u:2 tu:1 p:2 d:2',-1,-1),(110,'1343168565145-6','0','search','roles',-1,-1),(111,'1343168565145-6','0','search','\"roles\"',-1,-1),(112,'1343168565145-6','0','search','\'transience\'',-1,-1),(113,'1343168565145-6','0','search','\"\'transience\'\"',-1,-1),(114,'1343168565145-6','0','search','\"\'transience\'\"',-1,-1),(115,'1343168565145-6','0','search','\"success\"',-1,-1),(116,'1343168565145-6','0','search','\"transience\"',-1,-1),(117,'1343168565145-6','0','search','\"trancience\"',-1,-1),(118,'1343168565145-6','0','search','\"transience\"',-1,-1),(119,'1343168565145-6','0','search','\"transient\"',-1,-1),(120,'1343168565145-6','0','search','\"passing\"',-1,-1),(121,'1343168565145-6','0','submit','',8,-1),(122,'1343168565145-6','0','eval','u:3 tu:2 p:2 d:3',-1,-1),(123,'1343176911726-7','0','search','actors',-1,-1),(124,'1343176911726-7','0','search','stage',-1,-1),(125,'1343176911726-7','0','search','stage',-1,-1),(126,'1343176911726-7','0','relevance-feedback','',6,2),(127,'1343176911726-7','0','relevance-feedback','',7,8),(128,'1343176911726-7','0','relevance-feedback','',8,23),(129,'1343176911726-7','0','submit','',8,-1),(130,'1343176911726-7','0','eval','u:2 tu:2 p:3 d:3',-1,-1),(131,'1343179960365-0','0','search','stage',-1,-1),(132,'1343179960365-0','0','search','player',-1,-1),(133,'1343179960365-0','0','search','world',-1,-1),(134,'1343179960365-0','0','search','part',-1,-1),(135,'1343179960365-0','0','search','players',-1,-1),(136,'1343179960365-0','0','search','world',-1,-1),(137,'1343179960365-0','0','search','world stage',-1,-1),(138,'1343179960365-0','0','search','world \"and\" stage',-1,-1),(139,'1343179960365-0','0','search','theatre',-1,-1),(140,'1343179960365-0','0','search','theater',-1,-1),(141,'1343179960365-0','0','search','play stage',-1,-1),(142,'1343179960365-0','0','search','play & stage',-1,-1),(143,'1343179960365-0','0','search','play',-1,-1),(144,'1343179960365-0','0','submit','',7,-1),(145,'1343179960365-0','0','eval','u:1 tu:1 p:3 d:3',-1,-1),(146,'1343182051847-0','0','search','stage',-1,-1),(147,'1343182051847-0','0','search','fiction',-1,-1),(148,'1343182051847-0','0','search','world',-1,-1),(149,'1343182051847-0','0','search','actor',-1,-1),(150,'1343182051847-0','0','search','play',-1,-1),(151,'1343182229036-6','0','search','stage',-1,-1),(152,'1343182229036-6','0','search','stage',-1,-1),(153,'1343182051847-0','0','search','reak',-1,-1),(154,'1343182051847-0','0','search','real',-1,-1),(155,'1343182051847-0','0','search','universe',-1,-1),(156,'1343182051847-0','0','search','stage',-1,-1),(157,'1343182051847-0','0','submit','',7,-1),(158,'1343182051847-0','0','eval','u:2 tu:2 p:4 d:4',-1,-1),(159,'1343182423115-3','0','search','stage',-1,-1),(160,'1343182423115-3','0','search','stage',-1,-1),(161,'1343182031009-4','0','search','stage',-1,-1),(162,'1343182423115-3','0','search','stage +world',-1,-1),(163,'1343182031009-4','0','relevance-feedback','',3,1),(164,'1343182423115-3','0','search','theatre',-1,-1),(165,'1343182423115-3','0','search','play',-1,-1),(166,'1343182423115-3','0','search','play part',-1,-1),(167,'1343182031009-4','0','relevance-feedback','',6,7),(168,'1343182423115-3','0','submit','',10,-1),(169,'1343182229036-6','0','submit','',10,-1),(170,'1343182423115-3','0','eval','u:1 tu:1 p:3 d:2',-1,-1),(171,'1343182031009-4','0','search','players',-1,-1),(172,'1343182229036-6','0','eval','u:1 tu:1 p:2 d:1',-1,-1),(173,'1343182031009-4','0','search','world',-1,-1),(174,'1343182031009-4','0','search','life',-1,-1),(175,'1343182031009-4','0','submit','',6,-1),(176,'1343182031009-4','0','eval','u:2 tu:2 p:3 d:3',-1,-1),(177,'1343185713310-7','0','search','\"All the world\'s a stage\"',-1,-1),(178,'1343190572389-1','0','search','',-1,-1),(179,'1343190572389-1','0','submit','',6,-1),(180,'1343190572389-1','0','eval','u:1 tu:2 p:3 d:3',-1,-1),(181,'1343191695529-0','0','search','all the world\'s a stage',-1,-1),(182,'1343191695529-0','0','search','stage',-1,-1),(183,'1343191695529-0','0','search','player',-1,-1),(184,'1343191695529-0','0','submit','',4,-1),(185,'1343191695529-0','0','eval','u:3 tu:1 p:3 d:3',-1,-1),(186,'1343194777891-3','0','search','the world as a stage',-1,-1),(187,'1343194777891-3','0','submit','',4,-1),(188,'1343194777891-3','0','eval','u:2 tu:1 p:2 d:4',-1,-1),(189,'1343208227903-6','0','search','\"All the world\'s stage\"',-1,-1),(190,'1343223109163-3','0','search','death',-1,-1),(191,'1343223109163-3','0','search','death',-1,-1),(192,'1343223109163-3','0','submit','',3,-1),(193,'1343223109163-3','0','eval','u:4 tu:4 p:3 d:4',-1,-1),(194,'1343223710477-7','0','search','palyers',-1,-1),(195,'1343223710477-7','0','search','players',-1,-1),(196,'1343223833564-2','0','search','what',-1,-1),(197,'1343223710477-7','0','search','theatre',-1,-1),(198,'1343223710477-7','0','relevance-feedback','',4,1),(199,'1343223710477-7','0','search','play',-1,-1),(200,'1343223710477-7','0','relevance-feedback','',6,1),(201,'1343223710477-7','0','search','stage',-1,-1),(202,'1343223710477-7','0','search','speech',-1,-1),(203,'1343223710477-7','0','submit','',9,-1),(204,'1343223710477-7','0','eval','u:1 tu:2 p:2 d:4',-1,-1),(205,'1343047511898-5','0','search','Mourn ',-1,-1),(206,'1343047511898-5','0','search','Mourn ',-1,-1),(207,'1343047511898-5','0','relevance-feedback','',2,0),(208,'1343047511898-5','0','submit','',8,-1),(209,'1343047511898-5','0','eval','u:4 tu:1 p:4 d:3',-1,-1),(210,'1343047511898-5','0','eval','u:4 tu:1 p:4 d:3',-1,-1),(211,'1343237708957-6','0','search','world as a stage',-1,-1),(212,'1343237708957-6','0','relevance-feedback','',2,0),(213,'1343237708957-6','0','submit','',6,-1),(214,'1343237708957-6','0','eval','u:1 tu:2 p:4 d:4',-1,-1),(215,'1343237724890-4','0','search','mortality',-1,-1),(216,'1343237724890-4','0','relevance-feedback','',2,0),(217,'1343149075030-5','0','search','poor player',-1,-1),(218,'1343149075030-5','0','relevance-feedback','',2,0),(219,'1343149075030-5','0','search','poor player',-1,-1),(220,'1343149075030-5','0','relevance-feedback','',2,0),(221,'1343149075030-5','0','search','player',-1,-1),(222,'1343149075030-5','0','relevance-feedback','',2,0),(223,'1343149075030-5','0','search','exit',-1,-1),(224,'1343149075030-5','0','relevance-feedback','',5,19),(225,'1343149075030-5','0','search','perform',-1,-1),(226,'1343149075030-5','0','relevance-feedback','',5,54),(227,'1343149075030-5','0','submit','',9,-1),(228,'1343149075030-5','0','eval','u:2 tu:1 p:2 d:1',-1,-1),(229,'1343241400581-3','0','search','',-1,-1),(230,'1343241400581-3','0','relevance-feedback','',2,0),(231,'1343059337479-3','0','submit','',0,-1),(232,'1343059337479-3','0','submit','',0,-1),(233,'1343266577754-2','0','search','stage',-1,-1),(234,'1343266577754-2','0','relevance-feedback','',2,0),(235,'1343266577754-2','0','search','stage',-1,-1),(236,'1343266577754-2','0','relevance-feedback','',2,0),(237,'1343266577754-2','0','relevance-feedback','',3,0),(238,'1343266577754-2','0','relevance-feedback','',4,0),(239,'1343266577754-2','0','relevance-feedback','',4,2),(240,'1343266577754-2','0','submit','',4,-1),(241,'1343266577754-2','0','eval','u:2 tu:1 p:4 d:3',-1,-1),(242,'1343276730586-5','0','search','\"play\"',-1,-1),(243,'1343276730586-5','0','relevance-feedback','',2,0),(244,'1343276730586-5','0','search','theatre',-1,-1),(245,'1343276730586-5','0','relevance-feedback','',9,0),(246,'1343276730586-5','0','search','stage',-1,-1),(247,'1343276730586-5','0','relevance-feedback','',13,0),(248,'1343276730586-5','0','search','player',-1,-1),(249,'1343276730586-5','0','relevance-feedback','',18,0),(250,'1343276730586-5','0','submit','',0,-1),(251,'1343279260062-7','0','search','hamlet',-1,-1),(252,'1343279260062-7','0','relevance-feedback','',2,0),(253,'1343279260062-7','0','search','stage',-1,-1),(254,'1343279260062-7','0','relevance-feedback','',5,12),(255,'1343279260062-7','0','search','actor',-1,-1),(256,'1343279260062-7','0','relevance-feedback','',13,30),(257,'1343279260062-7','0','search','player',-1,-1),(258,'1343279260062-7','0','relevance-feedback','',15,40),(259,'1343279260062-7','0','submit','',16,-1),(260,'1343279260062-7','0','eval','u:2 tu:2 p:4 d:3',-1,-1),(261,'1343308865436-7','0','search','theater',-1,-1),(262,'1343308865436-7','0','search','theater',-1,-1),(263,'1343308865436-7','0','relevance-feedback','',2,0),(264,'1343308865436-7','0','submit','',5,-1),(265,'1343308865436-7','0','eval','u:2 tu:2 p:4 d:4',-1,-1),(266,'1343323741331-2','0','search','stage',-1,-1),(267,'1343323741331-2','0','search','stage',-1,-1),(268,'1343323741331-2','0','relevance-feedback','',2,0),(269,'1343325964157-5','0','submit','',2,-1),(270,'1343325964157-5','0','eval','u:3 tu:1 p:1 d:1',-1,-1),(271,'1343325995962-6','0','search','theater',-1,-1),(272,'1343325995962-6','0','search','theater',-1,-1),(273,'1343325995962-6','0','relevance-feedback','',2,0),(274,'1343325995962-6','0','submit','',7,-1),(275,'1343325995962-6','0','eval','u:4 tu:1 p:4 d:3',-1,-1),(276,'1343326991975-3','0','search','perform',-1,-1),(277,'1343326991975-3','0','relevance-feedback','',2,0),(278,'1343326991975-3','0','search','player',-1,-1),(279,'1343326991975-3','0','relevance-feedback','',2,0),(280,'1343326991975-3','0','search','player',-1,-1),(281,'1343326991975-3','0','relevance-feedback','',2,0),(282,'1343326991975-3','0','search','player',-1,-1),(283,'1343326991975-3','0','relevance-feedback','',0,0),(284,'1343144518762-6','0','search','stage',-1,-1),(285,'1343144518762-6','0','relevance-feedback','',2,0),(286,'1343144518762-6','0','relevance-feedback','',6,13),(287,'1343144518762-6','0','relevance-feedback','',6,28),(288,'1343144518762-6','0','submit','',6,-1),(289,'1343144518762-6','0','eval','u:1 tu:1 p:2 d:2',-1,-1),(290,'1343328561525-2','0','search','stage men women players',-1,-1),(291,'1343328561525-2','0','relevance-feedback','',2,0),(292,'1343328561525-2','0','search','men',-1,-1),(293,'1343328561525-2','0','relevance-feedback','',0,0),(294,'1343328720809-4','0','search','theatre',-1,-1),(295,'1343328720809-4','0','relevance-feedback','',2,0),(296,'1343328561525-2','0','submit','',0,-1),(297,'1343328561525-2','0','submit','',0,-1),(298,'1343329410086-1','0','search','stage',-1,-1),(299,'1343329410086-1','0','search','stage',-1,-1),(300,'1343329410086-1','0','relevance-feedback','',2,0),(301,'1343329410086-1','0','search','stage players',-1,-1),(302,'1343329410086-1','0','relevance-feedback','',2,0),(303,'1343329701223-3','0','search','shakespeare meta-drama',-1,-1),(304,'1343329701223-3','0','relevance-feedback','',2,0),(305,'1343329701223-3','0','search','acting',-1,-1),(306,'1343329701223-3','0','relevance-feedback','',0,0),(307,'1343329701223-3','0','relevance-feedback','',1,7),(308,'1343330011811-5','0','submit','',2,-1),(309,'1343330011811-5','0','eval','u:2 tu:2 p:2 d:2',-1,-1),(310,'1343330048116-6','0','search','',-1,-1),(311,'1343330048116-6','0','relevance-feedback','',2,0),(312,'1343330048116-6','0','search','\"world\" \"Stage\"',-1,-1),(313,'1343330048116-6','0','relevance-feedback','',2,0),(314,'1343330048116-6','0','search','\"world is a stage\"',-1,-1),(315,'1343330048116-6','0','relevance-feedback','',2,0),(316,'1343330048116-6','0','search','\"world\" \"stage\"',-1,-1),(317,'1343330048116-6','0','relevance-feedback','',2,0),(318,'1343330048116-6','0','submit','',6,-1),(319,'1343330048116-6','0','eval','u:2 tu:1 p:5 d:2',-1,-1),(320,'1343330704326-3','0','submit','',2,-1),(321,'1343333816720-3','0','search','all the world\'s a stage',-1,-1),(322,'1343333816720-3','0','relevance-feedback','',2,0),(323,'1343333816720-3','0','search','\"all the world\'s a stage\"',-1,-1),(324,'1343333816720-3','0','relevance-feedback','',2,0),(325,'1343333816720-3','0','search','\"a poor player\"',-1,-1),(326,'1343333816720-3','0','relevance-feedback','',0,0);
/*!40000 ALTER TABLE `st_activity_log` ENABLE KEYS */;
UNLOCK TABLES;

--
-- Table structure for table `st_task_log`
--

DROP TABLE IF EXISTS `st_task_log`;
/*!40101 SET @saved_cs_client     = @@character_set_client */;
/*!40101 SET character_set_client = utf8 */;
CREATE TABLE `st_task_log` (
  `id` int(11) NOT NULL AUTO_INCREMENT,
  `participant_id` varchar(45) NOT NULL,
  `task_number` int(11) NOT NULL,
  `interface_type` varchar(45) DEFAULT NULL,
  `theme_number` int(11) DEFAULT NULL,
  `time_in_s` int(11) DEFAULT NULL,
  `number_of_sentences` int(11) DEFAULT NULL,
  PRIMARY KEY (`id`,`participant_id`,`task_number`)
) ENGINE=InnoDB AUTO_INCREMENT=45 DEFAULT CHARSET=latin1;
/*!40101 SET character_set_client = @saved_cs_client */;

--
-- Dumping data for table `st_task_log`
--

LOCK TABLES `st_task_log` WRITE;
/*!40000 ALTER TABLE `st_task_log` DISABLE KEYS */;
INSERT INTO `st_task_log` VALUES (1,'1343094972627-2',0,'relevance-control',2,16,5),(2,'1343095768023-6',0,'search',2,299,4),(3,'1343099660137-1',0,'search',2,300,6),(4,'1343105468241-1',0,'search',2,300,1),(5,'1343107395365-0',0,'search',2,205,8),(6,'1343061887356-0',0,'search',2,227,20),(7,'1343061887356-0',1,'relevance-control',1,300,6),(8,'1343061887356-0',2,'relevance-feedback',0,178,4),(9,'1343145019570-1',0,'search',2,105,7),(10,'1343151156866-3',0,'search',2,282,7),(11,'1343156814132-2',0,'search',2,300,12),(12,'1343156931516-8',0,'search',2,115,4),(13,'1343059111516-2',0,'relevance-feedback',2,300,11),(14,'1343160515466-1',0,'relevance-feedback',2,300,12),(15,'1343056803693-0',0,'relevance-feedback',2,300,15),(16,'1343168565145-6',0,'search',2,300,8),(17,'1343176911726-7',0,'relevance-feedback',2,300,8),(18,'1343179960365-0',0,'search',2,300,7),(19,'1343182051847-0',0,'search',2,300,7),(20,'1343182423115-3',0,'search',2,184,10),(21,'1343182229036-6',0,'relevance-feedback',2,300,10),(22,'1343182031009-4',0,'relevance-control',2,297,6),(23,'1343190572389-1',0,'relevance-feedback',2,300,6),(24,'1343191695529-0',0,'relevance-feedback',2,295,4),(25,'1343194777891-3',0,'relevance-feedback',2,95,4),(26,'1343223109163-3',0,'relevance-feedback',2,195,3),(27,'1343223710477-7',0,'relevance-feedback',2,300,9),(28,'1343047511898-5',0,'relevance-feedback',2,300,8),(29,'1343237708957-6',0,'relevance-feedback',2,250,6),(30,'1343149075030-5',0,'relevance-feedback',2,300,9),(33,'1343266577754-2',0,'relevance-feedback',2,300,4),(34,'1343276730586-5',0,'relevance-feedback',2,300,1),(35,'1343279260062-7',0,'relevance-feedback',2,300,16),(36,'1343308865436-7',0,'relevance-feedback',2,300,5),(37,'1343325964157-5',0,'relevance-feedback',2,8,2),(38,'1343325995962-6',0,'relevance-feedback',2,300,7),(39,'1343144518762-6',0,'relevance-feedback',2,243,6),(40,'1343328561525-2',0,'search',2,129,1),(43,'1343330048116-6',0,'relevance-feedback',2,297,6);
/*!40000 ALTER TABLE `st_task_log` ENABLE KEYS */;
UNLOCK TABLES;

--
-- Table structure for table `st_self_evaluation`
--

DROP TABLE IF EXISTS `st_self_evaluation`;
/*!40101 SET @saved_cs_client     = @@character_set_client */;
/*!40101 SET character_set_client = utf8 */;
CREATE TABLE `st_self_evaluation` (
  `participant_id` varchar(45) NOT NULL,
  `task_number` int(11) NOT NULL,
  `understanding` int(11) NOT NULL,
  `theme_understanding` int(11) NOT NULL,
  `performance` int(11) NOT NULL,
  `difficulty` int(11) NOT NULL,
  PRIMARY KEY (`participant_id`,`task_number`,`understanding`,`theme_understanding`,`performance`,`difficulty`)
) ENGINE=InnoDB DEFAULT CHARSET=latin1;
/*!40101 SET character_set_client = @saved_cs_client */;

--
-- Dumping data for table `st_self_evaluation`
--

LOCK TABLES `st_self_evaluation` WRITE;
/*!40000 ALTER TABLE `st_self_evaluation` DISABLE KEYS */;
INSERT INTO `st_self_evaluation` VALUES ('1343047511898-5',0,4,1,4,3),('1343056803693-0',0,2,1,2,2),('1343059111516-2',0,1,1,4,4),('1343094972627-2',0,3,3,2,5),('1343095768023-6',0,5,5,5,5),('1343099660137-1',0,1,1,4,4),('1343107395365-0',0,1,4,3,3),('1343144518762-6',0,1,1,2,2),('1343145019570-1',0,1,3,4,4),('1343149075030-5',0,2,1,2,1),('1343151156866-3',0,3,4,3,4),('1343156814132-2',0,5,1,4,3),('1343156931516-8',0,2,1,2,2),('1343160515466-1',0,4,1,4,3),('1343168565145-6',0,3,2,2,3),('1343176911726-7',0,2,2,3,3),('1343179960365-0',0,1,1,3,3),('1343182031009-4',0,2,2,3,3),('1343182051847-0',0,2,2,4,4),('1343182229036-6',0,1,1,2,1),('1343182423115-3',0,1,1,3,2),('1343190572389-1',0,1,2,3,3),('1343191695529-0',0,3,1,3,3),('1343194777891-3',0,2,1,2,4),('1343223109163-3',0,4,4,3,4),('1343223710477-7',0,1,2,2,4),('1343237708957-6',0,1,2,4,4),('1343266577754-2',0,2,1,4,3),('1343279260062-7',0,2,2,4,3),('1343308865436-7',0,2,2,4,4),('1343325964157-5',0,3,1,1,1),('1343325995962-6',0,4,1,4,3),('1343330011811-5',0,2,2,2,2),('1343330048116-6',0,2,1,5,2);
/*!40000 ALTER TABLE `st_self_evaluation` ENABLE KEYS */;
UNLOCK TABLES;

--
-- Table structure for table `st_relevant_sentences`
--

DROP TABLE IF EXISTS `st_relevant_sentences`;
/*!40101 SET @saved_cs_client     = @@character_set_client */;
/*!40101 SET character_set_client = utf8 */;
CREATE TABLE `st_relevant_sentences` (
  `participant_id` varchar(45) NOT NULL,
  `task_number` int(11) NOT NULL,
  `sentence_id` int(11) NOT NULL,
  PRIMARY KEY (`participant_id`,`task_number`,`sentence_id`)
) ENGINE=InnoDB DEFAULT CHARSET=latin1;
/*!40101 SET character_set_client = @saved_cs_client */;

--
-- Dumping data for table `st_relevant_sentences`
--

LOCK TABLES `st_relevant_sentences` WRITE;
/*!40000 ALTER TABLE `st_relevant_sentences` DISABLE KEYS */;
INSERT INTO `st_relevant_sentences` VALUES ('1343047511898-5',0,1707),('1343047511898-5',0,7567),('1343047511898-5',0,12922),('1343047511898-5',0,19691),('1343047511898-5',0,24397),('1343047511898-5',0,32715),('1343047511898-5',0,46518),('1343047511898-5',0,52411),('1343056803693-0',0,6351),('1343056803693-0',0,6598),('1343056803693-0',0,16069),('1343056803693-0',0,19212),('1343056803693-0',0,21419),('1343056803693-0',0,26662),('1343056803693-0',0,29301),('1343056803693-0',0,33934),('1343056803693-0',0,33938),('1343056803693-0',0,47354),('1343056803693-0',0,48133),('1343056803693-0',0,56954),('1343056803693-0',0,56956),('1343056803693-0',0,59341),('1343056803693-0',0,60165),('1343059111516-2',0,8899),('1343059111516-2',0,12922),('1343059111516-2',0,19365),('1343059111516-2',0,26684),('1343059111516-2',0,29749),('1343059111516-2',0,32715),('1343059111516-2',0,52086),('1343059111516-2',0,54142),('1343059111516-2',0,58268),('1343059111516-2',0,60998),('1343059111516-2',0,65204),('1343061887356-0',0,3258),('1343061887356-0',0,10660),('1343061887356-0',0,12921),('1343061887356-0',0,12922),('1343061887356-0',0,19926),('1343061887356-0',0,21341),('1343061887356-0',0,21351),('1343061887356-0',0,24597),('1343061887356-0',0,26326),('1343061887356-0',0,29037),('1343061887356-0',0,31931),('1343061887356-0',0,32715),('1343061887356-0',0,36175),('1343061887356-0',0,37889),('1343061887356-0',0,43605),('1343061887356-0',0,46248),('1343061887356-0',0,50944),('1343061887356-0',0,60563),('1343061887356-0',0,63498),('1343061887356-0',0,65876),('1343061887356-0',1,1707),('1343061887356-0',1,6353),('1343061887356-0',1,7567),('1343061887356-0',1,33939),('1343061887356-0',1,46209),('1343061887356-0',1,46518),('1343061887356-0',2,8899),('1343061887356-0',2,19365),('1343061887356-0',2,26684),('1343061887356-0',2,64422),('1343094972627-2',0,12922),('1343094972627-2',0,19931),('1343094972627-2',0,21341),('1343094972627-2',0,32715),('1343094972627-2',0,44633),('1343095768023-6',0,3258),('1343095768023-6',0,12922),('1343095768023-6',0,32715),('1343095768023-6',0,36175),('1343099660137-1',0,3258),('1343099660137-1',0,12922),('1343099660137-1',0,29037),('1343099660137-1',0,32715),('1343099660137-1',0,46248),('1343099660137-1',0,48662),('1343107395365-0',0,837),('1343107395365-0',0,3258),('1343107395365-0',0,12359),('1343107395365-0',0,12922),('1343107395365-0',0,32715),('1343107395365-0',0,36175),('1343107395365-0',0,37667),('1343107395365-0',0,45870),('1343144518762-6',0,3258),('1343144518762-6',0,12922),('1343144518762-6',0,29037),('1343144518762-6',0,32715),('1343144518762-6',0,36175),('1343144518762-6',0,46248),('1343145019570-1',0,3258),('1343145019570-1',0,12922),('1343145019570-1',0,29037),('1343145019570-1',0,31931),('1343145019570-1',0,32715),('1343145019570-1',0,36175),('1343145019570-1',0,46248),('1343149075030-5',0,9822),('1343149075030-5',0,12922),('1343149075030-5',0,16153),('1343149075030-5',0,19926),('1343149075030-5',0,32330),('1343149075030-5',0,32715),('1343149075030-5',0,38498),('1343149075030-5',0,60563),('1343149075030-5',0,61216),('1343151156866-3',0,12922),('1343151156866-3',0,19815),('1343151156866-3',0,19816),('1343151156866-3',0,19831),('1343151156866-3',0,19949),('1343151156866-3',0,24597),('1343151156866-3',0,32715),('1343156814132-2',0,3258),('1343156814132-2',0,12922),('1343156814132-2',0,21341),('1343156814132-2',0,21345),('1343156814132-2',0,21351),('1343156814132-2',0,29037),('1343156814132-2',0,32715),('1343156814132-2',0,36175),('1343156814132-2',0,46248),('1343156814132-2',0,50834),('1343156814132-2',0,63498),('1343156814132-2',0,65876),('1343156931516-8',0,12922),('1343156931516-8',0,32715),('1343156931516-8',0,38498),('1343156931516-8',0,60563),('1343160515466-1',0,3258),('1343160515466-1',0,12922),('1343160515466-1',0,19926),('1343160515466-1',0,29037),('1343160515466-1',0,32715),('1343160515466-1',0,34461),('1343160515466-1',0,36175),('1343160515466-1',0,44825),('1343160515466-1',0,46248),('1343160515466-1',0,50834),('1343160515466-1',0,50944),('1343160515466-1',0,63498),('1343168565145-6',0,1839),('1343168565145-6',0,4394),('1343168565145-6',0,7053),('1343168565145-6',0,12922),('1343168565145-6',0,19206),('1343168565145-6',0,32715),('1343168565145-6',0,52830),('1343168565145-6',0,53396),('1343176911726-7',0,3258),('1343176911726-7',0,12922),('1343176911726-7',0,19931),('1343176911726-7',0,21351),('1343176911726-7',0,29037),('1343176911726-7',0,32715),('1343176911726-7',0,36175),('1343176911726-7',0,46248),('1343179960365-0',0,3258),('1343179960365-0',0,12921),('1343179960365-0',0,12922),('1343179960365-0',0,26326),('1343179960365-0',0,32715),('1343179960365-0',0,36175),('1343179960365-0',0,63498),('1343182031009-4',0,12922),('1343182031009-4',0,29037),('1343182031009-4',0,32715),('1343182031009-4',0,36175),('1343182031009-4',0,46248),('1343182031009-4',0,50834),('1343182051847-0',0,3258),('1343182051847-0',0,12922),('1343182051847-0',0,32715),('1343182051847-0',0,46248),('1343182051847-0',0,50944),('1343182051847-0',0,63498),('1343182051847-0',0,65876),('1343182229036-6',0,3258),('1343182229036-6',0,12922),('1343182229036-6',0,21351),('1343182229036-6',0,22859),('1343182229036-6',0,29037),('1343182229036-6',0,32715),('1343182229036-6',0,34461),('1343182229036-6',0,36175),('1343182229036-6',0,46248),('1343182229036-6',0,50834),('1343182423115-3',0,3258),('1343182423115-3',0,5174),('1343182423115-3',0,12921),('1343182423115-3',0,12922),('1343182423115-3',0,32715),('1343182423115-3',0,36175),('1343182423115-3',0,37667),('1343182423115-3',0,46248),('1343182423115-3',0,52831),('1343182423115-3',0,64711),('1343190572389-1',0,3258),('1343190572389-1',0,12922),('1343190572389-1',0,18670),('1343190572389-1',0,32715),('1343190572389-1',0,36175),('1343190572389-1',0,46248),('1343191695529-0',0,12922),('1343191695529-0',0,32715),('1343191695529-0',0,36175),('1343191695529-0',0,60563),('1343194777891-3',0,3258),('1343194777891-3',0,12922),('1343194777891-3',0,32715),('1343194777891-3',0,36175),('1343223109163-3',0,12922),('1343223109163-3',0,32715),('1343223109163-3',0,50283),('1343223710477-7',0,837),('1343223710477-7',0,12921),('1343223710477-7',0,12922),('1343223710477-7',0,20050),('1343223710477-7',0,20084),('1343223710477-7',0,32715),('1343223710477-7',0,36175),('1343223710477-7',0,46248),('1343223710477-7',0,52941),('1343237708957-6',0,12922),('1343237708957-6',0,32715),('1343237708957-6',0,36175),('1343237708957-6',0,46994),('1343237708957-6',0,50944),('1343237708957-6',0,63498),('1343266577754-2',0,3258),('1343266577754-2',0,12922),('1343266577754-2',0,32715),('1343266577754-2',0,36175),('1343279260062-7',0,3258),('1343279260062-7',0,12922),('1343279260062-7',0,16841),('1343279260062-7',0,19174),('1343279260062-7',0,19376),('1343279260062-7',0,19629),('1343279260062-7',0,21351),('1343279260062-7',0,29037),('1343279260062-7',0,31931),('1343279260062-7',0,32715),('1343279260062-7',0,34461),('1343279260062-7',0,36175),('1343279260062-7',0,38498),('1343279260062-7',0,44825),('1343279260062-7',0,46248),('1343279260062-7',0,50944),('1343308865436-7',0,12922),('1343308865436-7',0,26670),('1343308865436-7',0,32715),('1343308865436-7',0,36175),('1343308865436-7',0,46248),('1343325964157-5',0,12922),('1343325964157-5',0,32715),('1343325995962-6',0,3258),('1343325995962-6',0,12922),('1343325995962-6',0,18670),('1343325995962-6',0,22859),('1343325995962-6',0,32715),('1343325995962-6',0,33567),('1343325995962-6',0,36175),('1343330011811-5',0,12922),('1343330011811-5',0,32715),('1343330048116-6',0,3258),('1343330048116-6',0,12922),('1343330048116-6',0,29037),('1343330048116-6',0,31931),('1343330048116-6',0,32715),('1343330048116-6',0,36175),('1343330704326-3',0,12922),('1343330704326-3',0,32715);
/*!40000 ALTER TABLE `st_relevant_sentences` ENABLE KEYS */;
UNLOCK TABLES;
/*!40103 SET TIME_ZONE=@OLD_TIME_ZONE */;

/*!40101 SET SQL_MODE=@OLD_SQL_MODE */;
/*!40014 SET FOREIGN_KEY_CHECKS=@OLD_FOREIGN_KEY_CHECKS */;
/*!40014 SET UNIQUE_CHECKS=@OLD_UNIQUE_CHECKS */;
/*!40101 SET CHARACTER_SET_CLIENT=@OLD_CHARACTER_SET_CLIENT */;
/*!40101 SET CHARACTER_SET_RESULTS=@OLD_CHARACTER_SET_RESULTS */;
/*!40101 SET COLLATION_CONNECTION=@OLD_COLLATION_CONNECTION */;
/*!40111 SET SQL_NOTES=@OLD_SQL_NOTES */;

-- Dump completed on 2012-07-26 18:14:48
